q,N,reps,classic,reist,speedup
1000003,1024,50000,0.0911005,0.0151221,6.02434
10000019,1024,50000,0.0909614,0.0151186,6.01652
100000007,1024,50000,0.091114,0.0151115,6.02943
1000000007,1024,50000,0.0909553,0.015111,6.01915
