q,N,reps,classic,reist,speedup
1000003,1024,50000,0.0693588,0.00514932,13.4695
10000019,1024,50000,0.0709834,0.00500043,14.1954
100000007,1024,50000,0.0674187,0.0051936,12.9811
1000000007,1024,50000,0.0680661,0.00511087,13.3179
