q,N,reps,classic,reist,speedup
1000003,1024,50000,0.0546861,0.00393251,13.9062
10000019,1024,50000,0.0546049,0.0039167,13.9416
100000007,1024,50000,0.055578,0.00382147,14.5436
1000000007,1024,50000,0.0556859,0.00392979,14.1702
