q,N,reps,classic,reist,speedup
1000003,1024,50000,0.102066,0.00496306,20.5651
10000019,1024,50000,0.10137,0.00502604,20.1689
100000007,1024,50000,0.100278,0.00495143,20.2524
1000000007,1024,50000,0.100616,0.00496774,20.2539
